<application>
  <component name="DBNavigator.Application.DatabaseDriverManager">
    <known-driver-classes>
      <library checksum="-1219721531" path="$APPLICATION_PLUGINS_DIR$/DBNavigator/lib/ext/bundled-jdbc-postgres" driver-classes="org.postgresql.Driver" />
    </known-driver-classes>
  </component>
  <component name="DBNavigator.Application.FileTypeService">
    <original-file-types />
  </component>
  <component name="DBNavigator.Application.PluginConflictManager">
    <plugin-conflict-prompted value="false" />
    <file-types-claimed value="false" />
  </component>
  <component name="DBNavigator.Application.PluginStatusManager">
    <plugin-statuses>
      <status project="$USER_HOME$/Downloads/JavaTraining" dbn="PASSIVE" sql="MISSING" />
      <status project="$USER_HOME$/Downloads/duck" dbn="PASSIVE" sql="MISSING" />
      <status project="$USER_HOME$/Desktop/Desktop/work/ihs-ubi-crm-integration" dbn="PASSIVE" sql="MISSING" />
      <status project="$USER_HOME$/Desktop/Desktop/work/DuckDbTest" dbn="PASSIVE" sql="MISSING" />
      <status project="$USER_HOME$/Desktop/Desktop/work/campaign_executor" dbn="PASSIVE" sql="MISSING" />
      <status project="$USER_HOME$/Downloads/Kafka Test Producer" dbn="PASSIVE" sql="MISSING" />
      <status project="$USER_HOME$/Downloads/testingMautic" dbn="PASSIVE" sql="MISSING" />
      <status project="$USER_HOME$/Desktop/Desktop/work/allocation_config" dbn="PASSIVE" sql="MISSING" />
      <status project="$USER_HOME$/Downloads/KafkaIntervalConsumption" dbn="PASSIVE" sql="MISSING" />
      <status project="$USER_HOME$/Desktop/Desktop/work/interaction-listener" dbn="PASSIVE" sql="MISSING" />
      <status project="DEFAULT" dbn="PASSIVE" sql="MISSING" />
      <status project="$USER_HOME$/Desktop/Desktop/work/Temporal/edu-101-java-code" dbn="ACTIVE" sql="MISSING" />
    </plugin-statuses>
  </component>
  <component name="DBNavigator.Application.Settings">
    <diagnostics>
      <developer-mode>
        <timeout value="10" />
        <enabled value="false" />
      </developer-mode>
      <debug-logging failsafe-errors="false" database-access="false" database-resource="false" />
      <database-lag enabled="false" connectivity="2000" querying="2000" fetching="500" />
      <miscellaneous dialog-sizing-reset="false" bulk-actions-enabled="false" background-disposer-disabled="false" timeout-handling-disabled="false" />
    </diagnostics>
    <client-id value="62DA721E8C2543BCAC43A586E162B71C" />
  </component>
</application>