<application>
  <component name="MaterialThemeConfig">
    <option name="isWizardShown" value="true" />
    <option name="treeFontSizeEnabled" value="true" />
    <option name="tabFontSizeEnabled" value="true" />
    <option name="indicatorStyle" value="None" />
    <option name="accentColor" value="416a9b" />
    <option name="selectedTheme" value="NATIVE" />
    <option name="userId" value="672dc837:189d4f1fd2a:-8000" />
    <option name="version" value="8.12.6" />
    <option name="tabHighlightPosition" value="Bottom" />
  </component>
</application>