<application>
  <component name="Randomness">
    <option name="uuid" value="5aa70b73-e219-4e90-b803-889351ba7c96" />
    <option name="version" value="3.0.0" />
    <option name="templateList">
      <TemplateList>
        <option name="uuid" value="e8c02332-155f-4622-9c73-336c5d2d5756" />
        <option name="templates">
          <list>
            <Template>
              <option name="name" value="Integer" />
              <option name="schemes">
                <IntegerScheme>
                  <option name="base" value="10" />
                  <option name="groupingSeparator" value="," />
                  <option name="groupingSeparatorEnabled" value="false" />
                  <option name="maxValue" value="1000" />
                  <option name="minValue" value="0" />
                  <option name="uppercase" value="false" />
                  <option name="uuid" value="4a2b9a33-bc88-4589-a5ed-9a6d67427926" />
                </IntegerScheme>
              </option>
              <option name="uuid" value="c747060d-1308-46b7-bf21-977d6f5bd4c0" />
            </Template>
            <Template>
              <option name="name" value="Decimal" />
              <option name="schemes">
                <DecimalScheme>
                  <option name="decimalCount" value="2" />
                  <option name="decimalSeparator" value="." />
                  <option name="groupingSeparator" value="," />
                  <option name="groupingSeparatorEnabled" value="false" />
                  <option name="maxValue" value="1000.0" />
                  <option name="minValue" value="0.0" />
                  <option name="showTrailingZeroes" value="false" />
                  <option name="uuid" value="a10ddcb7-6d1f-432e-a337-7f0e8fa60ccc" />
                </DecimalScheme>
              </option>
              <option name="uuid" value="15ed49c7-b34b-4d0e-bf93-2ff23da202f4" />
            </Template>
            <Template>
              <option name="name" value="Alphanumerical String" />
              <option name="schemes">
                <StringScheme>
                  <option name="capitalization" value="RETAIN" />
                  <option name="pattern" value="[a-zA-Z0-9]{7,11}" />
                  <option name="regex" value="true" />
                  <option name="removeLookAlikeSymbols" value="false" />
                  <option name="uuid" value="0340a26c-c2ab-4e5c-b3a8-42cca133ebf8" />
                </StringScheme>
              </option>
              <option name="uuid" value="f0d87006-d1ca-4591-89eb-81272fde4ccb" />
            </Template>
            <Template>
              <option name="name" value="Personal Name" />
              <option name="schemes">
                <WordScheme>
                  <option name="capitalization" value="RETAIN" />
                  <option name="uuid" value="ea8cd138-b68e-4ade-8078-6eaae96b8b21" />
                  <option name="words">
                    <list>
                      <option value="Abdo" />
                      <option value="Abdul" />
                      <option value="Abdullah" />
                      <option value="Abdullahi" />
                      <option value="Abubakar" />
                      <option value="Adam" />
                      <option value="Adrian" />
                      <option value="Adriana" />
                      <option value="Agnes" />
                      <option value="Ahmad" />
                      <option value="Ahmed" />
                      <option value="Aisha" />
                      <option value="Ajay" />
                      <option value="Alain" />
                      <option value="Alan" />
                      <option value="Albert" />
                      <option value="Alberto" />
                      <option value="Alejandro" />
                      <option value="Aleksandr" />
                      <option value="Aleksandra" />
                      <option value="Aleksey" />
                      <option value="Alex" />
                      <option value="Alexander" />
                      <option value="Alexandra" />
                      <option value="Alfred" />
                      <option value="Alfredo" />
                      <option value="Ali" />
                      <option value="Alice" />
                      <option value="Alicia" />
                      <option value="Alina" />
                      <option value="Amal" />
                      <option value="Amanda" />
                      <option value="Amina" />
                      <option value="Amir" />
                      <option value="Amit" />
                      <option value="Amy" />
                      <option value="An" />
                      <option value="Ana" />
                      <option value="Anastasiya" />
                      <option value="Andre" />
                      <option value="Andrea" />
                      <option value="Andrew" />
                      <option value="Andrey" />
                      <option value="Angel" />
                      <option value="Angela" />
                      <option value="Anh" />
                      <option value="Anil" />
                      <option value="Anita" />
                      <option value="Ann" />
                      <option value="Anna" />
                      <option value="Anne" />
                      <option value="Anthony" />
                      <option value="Anton" />
                      <option value="Antonia" />
                      <option value="Antonio" />
                      <option value="António" />
                      <option value="Anwar" />
                      <option value="Armando" />
                      <option value="Arun" />
                      <option value="Asha" />
                      <option value="Ashok" />
                      <option value="Asma" />
                      <option value="Aung" />
                      <option value="Barbara" />
                      <option value="Beatrice" />
                      <option value="Beatriz" />
                      <option value="Bekele" />
                      <option value="Benjamin" />
                      <option value="Bernard" />
                      <option value="Betty" />
                      <option value="Bibi" />
                      <option value="Bin" />
                      <option value="Blanca" />
                      <option value="Brenda" />
                      <option value="Brian" />
                      <option value="Brigitte" />
                      <option value="Bruno" />
                      <option value="Carla" />
                      <option value="Carlos" />
                      <option value="Carmen" />
                      <option value="Carol" />
                      <option value="Caroline" />
                      <option value="Catherine" />
                      <option value="Cecilia" />
                      <option value="Cesar" />
                      <option value="Chao" />
                      <option value="Charles" />
                      <option value="Chen" />
                      <option value="Cheng" />
                      <option value="Chris" />
                      <option value="Christian" />
                      <option value="Christina" />
                      <option value="Christine" />
                      <option value="Christopher" />
                      <option value="Chun" />
                      <option value="Claude" />
                      <option value="Claudia" />
                      <option value="Cristina" />
                      <option value="Cynthia" />
                      <option value="Daniel" />
                      <option value="Daniela" />
                      <option value="Darya" />
                      <option value="David" />
                      <option value="Deborah" />
                      <option value="Denis" />
                      <option value="Denise" />
                      <option value="Dennis" />
                      <option value="Di" />
                      <option value="Diana" />
                      <option value="Diego" />
                      <option value="Dilip" />
                      <option value="Dina" />
                      <option value="Dinesh" />
                      <option value="Dmitriy" />
                      <option value="Donald" />
                      <option value="Donna" />
                      <option value="Doris" />
                      <option value="Edgar" />
                      <option value="Edith" />
                      <option value="Eduardo" />
                      <option value="Edward" />
                      <option value="Edwin" />
                      <option value="Ei" />
                      <option value="Ekaterina" />
                      <option value="Elena" />
                      <option value="Elisabeth" />
                      <option value="Elizabeth" />
                      <option value="Emma" />
                      <option value="Emmanuel" />
                      <option value="Eric" />
                      <option value="Erika" />
                      <option value="Esther" />
                      <option value="Eva" />
                      <option value="Evelyn" />
                      <option value="Evgeniy" />
                      <option value="Fatemeh" />
                      <option value="Fatima" />
                      <option value="Fatma" />
                      <option value="Fatoumata" />
                      <option value="Felipe" />
                      <option value="Felix" />
                      <option value="Fernando" />
                      <option value="Florence" />
                      <option value="Francis" />
                      <option value="Francisca" />
                      <option value="Francisco" />
                      <option value="Frank" />
                      <option value="Gabriel" />
                      <option value="Gabriela" />
                      <option value="Galina" />
                      <option value="Gang" />
                      <option value="Gary" />
                      <option value="George" />
                      <option value="Ghulam" />
                      <option value="Gita" />
                      <option value="Giuseppe" />
                      <option value="Gladys" />
                      <option value="Gloria" />
                      <option value="Gopal" />
                      <option value="Grace" />
                      <option value="Gul" />
                      <option value="Gustavo" />
                      <option value="Ha" />
                      <option value="Hai" />
                      <option value="Haiyan" />
                      <option value="Haji" />
                      <option value="Halima" />
                      <option value="Hamid" />
                      <option value="Han" />
                      <option value="Hans" />
                      <option value="Hasan" />
                      <option value="Hassan" />
                      <option value="Hector" />
                      <option value="Helen" />
                      <option value="Henry" />
                      <option value="Hiroshi" />
                      <option value="Hong" />
                      <option value="Huan" />
                      <option value="Hugo" />
                      <option value="Hui" />
                      <option value="Hung" />
                      <option value="Hussein" />
                      <option value="Ibrahim" />
                      <option value="Igor" />
                      <option value="Irene" />
                      <option value="Irina" />
                      <option value="Irma" />
                      <option value="Isaac" />
                      <option value="Isabel" />
                      <option value="Ismail" />
                      <option value="Ivan" />
                      <option value="Jacqueline" />
                      <option value="Jaime" />
                      <option value="James" />
                      <option value="Jan" />
                      <option value="Jane" />
                      <option value="Janet" />
                      <option value="Jason" />
                      <option value="Javier" />
                      <option value="Jean" />
                      <option value="Jennifer" />
                      <option value="Jessica" />
                      <option value="Jesus" />
                      <option value="Jianguo" />
                      <option value="Jianhua" />
                      <option value="Jianjun" />
                      <option value="Jianming" />
                      <option value="Jianping" />
                      <option value="Jin" />
                      <option value="Jingjing" />
                      <option value="Joan" />
                      <option value="Joao" />
                      <option value="Joel" />
                      <option value="John" />
                      <option value="Jonathan" />
                      <option value="Jorge" />
                      <option value="Jose" />
                      <option value="Joseph" />
                      <option value="Josephine" />
                      <option value="Joyce" />
                      <option value="Juan" />
                      <option value="Juana" />
                      <option value="Judith" />
                      <option value="Julia" />
                      <option value="Julie" />
                      <option value="Julio" />
                      <option value="Kai" />
                      <option value="Kamal" />
                      <option value="Karen" />
                      <option value="Kenji" />
                      <option value="Kenneth" />
                      <option value="Kevin" />
                      <option value="Khadija" />
                      <option value="Khaled" />
                      <option value="Khalid" />
                      <option value="Kim" />
                      <option value="Kiran" />
                      <option value="Krishna" />
                      <option value="Kristina" />
                      <option value="Kun" />
                      <option value="Kyaw" />
                      <option value="Lakshmi" />
                      <option value="Lalita" />
                      <option value="Lan" />
                      <option value="Laoshi" />
                      <option value="Laura" />
                      <option value="Laxmi" />
                      <option value="Lei" />
                      <option value="Leonardo" />
                      <option value="Li" />
                      <option value="Lihua" />
                      <option value="Lijuan" />
                      <option value="Lijun" />
                      <option value="Lin" />
                      <option value="Linda" />
                      <option value="Ling" />
                      <option value="Linh" />
                      <option value="Liping" />
                      <option value="Lisa" />
                      <option value="Long" />
                      <option value="Louis" />
                      <option value="Lucas" />
                      <option value="Lucia" />
                      <option value="Luis" />
                      <option value="Luiz" />
                      <option value="Luz" />
                      <option value="Lyubov" />
                      <option value="Lyudmila" />
                      <option value="Magdalena" />
                      <option value="Mahdi" />
                      <option value="Mahmoud" />
                      <option value="Maksim" />
                      <option value="Mamadou" />
                      <option value="Manju" />
                      <option value="Manoj" />
                      <option value="Manuel" />
                      <option value="Marco" />
                      <option value="Marcos" />
                      <option value="Margaret" />
                      <option value="Margarita" />
                      <option value="Maria" />
                      <option value="Mariam" />
                      <option value="Marie" />
                      <option value="Marina" />
                      <option value="Mario" />
                      <option value="Mariya" />
                      <option value="Mark" />
                      <option value="Marta" />
                      <option value="Martha" />
                      <option value="Martin" />
                      <option value="Mary" />
                      <option value="Maryam" />
                      <option value="Maryia" />
                      <option value="Masmaat" />
                      <option value="Matthew" />
                      <option value="Maya" />
                      <option value="Mehmet" />
                      <option value="Mei" />
                      <option value="Meng" />
                      <option value="Mercy" />
                      <option value="Michael" />
                      <option value="Michel" />
                      <option value="Michelle" />
                      <option value="Miguel" />
                      <option value="Mikhail" />
                      <option value="Min" />
                      <option value="Mina" />
                      <option value="Ming" />
                      <option value="Mira" />
                      <option value="Miriam" />
                      <option value="Mo" />
                      <option value="Mohamad" />
                      <option value="Mohamed" />
                      <option value="Mohammad" />
                      <option value="Mohammed" />
                      <option value="Mohan" />
                      <option value="Mona" />
                      <option value="Monica" />
                      <option value="Monika" />
                      <option value="Moses" />
                      <option value="Mostafa" />
                      <option value="Moussa" />
                      <option value="Muhammad" />
                      <option value="Muhammed" />
                      <option value="Mukesh" />
                      <option value="Munni" />
                      <option value="Musa" />
                      <option value="Mustafa" />
                      <option value="Mária" />
                      <option value="Na" />
                      <option value="Nadezhda" />
                      <option value="Nadia" />
                      <option value="Nan" />
                      <option value="Nancy" />
                      <option value="Natalia" />
                      <option value="Natalya" />
                      <option value="Nelson" />
                      <option value="Ni" />
                      <option value="Nicolas" />
                      <option value="Nicole" />
                      <option value="Nikolay" />
                      <option value="Ning" />
                      <option value="Noor" />
                      <option value="Norma" />
                      <option value="Nur" />
                      <option value="Nushi" />
                      <option value="Nykolai" />
                      <option value="Olga" />
                      <option value="Omar" />
                      <option value="Oscar" />
                      <option value="Pablo" />
                      <option value="Patricia" />
                      <option value="Patrick" />
                      <option value="Paul" />
                      <option value="Paula" />
                      <option value="Paulo" />
                      <option value="Pavel" />
                      <option value="Pedro" />
                      <option value="Peng" />
                      <option value="Peter" />
                      <option value="Pierre" />
                      <option value="Ping" />
                      <option value="Pushpa" />
                      <option value="Qiang" />
                      <option value="Qing" />
                      <option value="Rachel" />
                      <option value="Radha" />
                      <option value="Rafael" />
                      <option value="Raj" />
                      <option value="Rajendra" />
                      <option value="Rajesh" />
                      <option value="Raju" />
                      <option value="Rakesh" />
                      <option value="Ram" />
                      <option value="Rama" />
                      <option value="Ramesh" />
                      <option value="Ramon" />
                      <option value="Rani" />
                      <option value="Raul" />
                      <option value="Ravi" />
                      <option value="Raymond" />
                      <option value="Rebecca" />
                      <option value="Regina" />
                      <option value="Rekha" />
                      <option value="Rene" />
                      <option value="Ricardo" />
                      <option value="Richard" />
                      <option value="Rina" />
                      <option value="Rita" />
                      <option value="Robert" />
                      <option value="Roberto" />
                      <option value="Roger" />
                      <option value="Roman" />
                      <option value="Ronald" />
                      <option value="Rong" />
                      <option value="Rosa" />
                      <option value="Rose" />
                      <option value="Ruben" />
                      <option value="Ruth" />
                      <option value="Saeed" />
                      <option value="Said" />
                      <option value="Saleh" />
                      <option value="Salma" />
                      <option value="Samira" />
                      <option value="Samuel" />
                      <option value="Sandra" />
                      <option value="Sani" />
                      <option value="Sanjay" />
                      <option value="Santos" />
                      <option value="Santosh" />
                      <option value="Sara" />
                      <option value="Sarah" />
                      <option value="Savitri" />
                      <option value="Scott" />
                      <option value="Sergey" />
                      <option value="Sergio" />
                      <option value="Shan" />
                      <option value="Shankar" />
                      <option value="Shanti" />
                      <option value="Sharon" />
                      <option value="Silvia" />
                      <option value="Sima" />
                      <option value="Simon" />
                      <option value="Sita" />
                      <option value="Siti" />
                      <option value="Sonia" />
                      <option value="Sri" />
                      <option value="Stephanie" />
                      <option value="Stephen" />
                      <option value="Steven" />
                      <option value="Suman" />
                      <option value="Sunday" />
                      <option value="Sunil" />
                      <option value="Sunita" />
                      <option value="Suresh" />
                      <option value="Susan" />
                      <option value="Sushila" />
                      <option value="Svetlana" />
                      <option value="Syed" />
                      <option value="Tatiana" />
                      <option value="Tatyana" />
                      <option value="Teresa" />
                      <option value="Thanh" />
                      <option value="Thomas" />
                      <option value="Timothy" />
                      <option value="Tingting" />
                      <option value="Tuan" />
                      <option value="Tun" />
                      <option value="Umar" />
                      <option value="Urmila" />
                      <option value="Usha" />
                      <option value="Usman" />
                      <option value="Valentina" />
                      <option value="Vera" />
                      <option value="Veronica" />
                      <option value="Victor" />
                      <option value="Victoria" />
                      <option value="Vijay" />
                      <option value="Viktor" />
                      <option value="Vincent" />
                      <option value="Vinod" />
                      <option value="Virginia" />
                      <option value="Vladimir" />
                      <option value="Vladymyr" />
                      <option value="Wai" />
                      <option value="Walter" />
                      <option value="Wei" />
                      <option value="William" />
                      <option value="Xiang" />
                      <option value="Xiaodong" />
                      <option value="Xiaofeng" />
                      <option value="Xiaohong" />
                      <option value="Xiaohua" />
                      <option value="Xiaoli" />
                      <option value="Xiaoling" />
                      <option value="Xiaoming" />
                      <option value="Xiaoping" />
                      <option value="Xiaoyan" />
                      <option value="Xin" />
                      <option value="Xing" />
                      <option value="Xuan" />
                      <option value="Yan" />
                      <option value="Yanping" />
                      <option value="Ying" />
                      <option value="Yolanda" />
                      <option value="Yong" />
                      <option value="Yu" />
                      <option value="Yuanyuan" />
                      <option value="Yue" />
                      <option value="Yuliya" />
                      <option value="Yun" />
                      <option value="Yusuf" />
                      <option value="Zahra" />
                      <option value="Zainab" />
                      <option value="Zaw" />
                      <option value="Zhen" />
                      <option value="Zhi" />
                      <option value="Zhiqiang" />
                      <option value="Zhiyong" />
                      <option value="Zin" />
                    </list>
                  </option>
                </WordScheme>
                <WordScheme>
                  <option name="capitalization" value="RETAIN" />
                  <option name="uuid" value="161b1bb7-bb97-4f43-8af8-f92969dd75d8" />
                  <option name="words">
                    <list>
                      <option value="Abbas" />
                      <option value="Abdel" />
                      <option value="Abdi" />
                      <option value="Abdul" />
                      <option value="Abdullah" />
                      <option value="Abdullahi" />
                      <option value="Abubakar" />
                      <option value="Acosta" />
                      <option value="Adam" />
                      <option value="Adamu" />
                      <option value="Aguilar" />
                      <option value="Ahamad" />
                      <option value="Ahmad" />
                      <option value="Ahmed" />
                      <option value="Akhtar" />
                      <option value="Akhter" />
                      <option value="Akter" />
                      <option value="Alam" />
                      <option value="Ali" />
                      <option value="Aliyu" />
                      <option value="Allah" />
                      <option value="Almeida" />
                      <option value="Alvarado" />
                      <option value="Alvarez" />
                      <option value="Alves" />
                      <option value="Amin" />
                      <option value="An" />
                      <option value="Anderson" />
                      <option value="Andrade" />
                      <option value="Ansari" />
                      <option value="Anwar" />
                      <option value="Araujo" />
                      <option value="Ashraf" />
                      <option value="Aslam" />
                      <option value="Aziz" />
                      <option value="Ba" />
                      <option value="Bah" />
                      <option value="Bai" />
                      <option value="Bakhash" />
                      <option value="Bala" />
                      <option value="Banda" />
                      <option value="Bano" />
                      <option value="Bao" />
                      <option value="Barbosa" />
                      <option value="Barman" />
                      <option value="Barry" />
                      <option value="Batista" />
                      <option value="Bauri" />
                      <option value="Begam" />
                      <option value="Begum" />
                      <option value="Behera" />
                      <option value="Bello" />
                      <option value="Bi" />
                      <option value="Bibi" />
                      <option value="Biswas" />
                      <option value="Brown" />
                      <option value="Bui" />
                      <option value="Cabrera" />
                      <option value="Cai" />
                      <option value="Camara" />
                      <option value="Campos" />
                      <option value="Cao" />
                      <option value="Cardoso" />
                      <option value="Castillo" />
                      <option value="Castro" />
                      <option value="Caudhari" />
                      <option value="Ceng" />
                      <option value="Chan" />
                      <option value="Chand" />
                      <option value="Chandra" />
                      <option value="Chang" />
                      <option value="Chauhan" />
                      <option value="Chavez" />
                      <option value="Chen" />
                      <option value="Cheng" />
                      <option value="Chi" />
                      <option value="Cho" />
                      <option value="Choe" />
                      <option value="Chong" />
                      <option value="Chowdhury" />
                      <option value="Chu" />
                      <option value="Contreras" />
                      <option value="Costa" />
                      <option value="Coulibaly" />
                      <option value="Cruz" />
                      <option value="Cui" />
                      <option value="da Conceiçao" />
                      <option value="da Costa" />
                      <option value="da Silva" />
                      <option value="Dai" />
                      <option value="Dan" />
                      <option value="Dang" />
                      <option value="Das" />
                      <option value="David" />
                      <option value="Davis" />
                      <option value="de Jesus" />
                      <option value="de Lima" />
                      <option value="de Oliveira" />
                      <option value="de Sousa" />
                      <option value="de Souza" />
                      <option value="Delgado" />
                      <option value="Deng" />
                      <option value="Devi" />
                      <option value="Di" />
                      <option value="Diallo" />
                      <option value="Dias" />
                      <option value="Diaz" />
                      <option value="Din" />
                      <option value="Ding" />
                      <option value="Do" />
                      <option value="do Nascimento" />
                      <option value="Dominguez" />
                      <option value="Dong" />
                      <option value="dos Santos" />
                      <option value="Du" />
                      <option value="Duan" />
                      <option value="Duarte" />
                      <option value="Duong" />
                      <option value="Dutta" />
                      <option value="Ei" />
                      <option value="Espinoza" />
                      <option value="Fan" />
                      <option value="Fang" />
                      <option value="Feng" />
                      <option value="Fernandes" />
                      <option value="Fernandez" />
                      <option value="Ferreira" />
                      <option value="Flores" />
                      <option value="Fu" />
                      <option value="Gan" />
                      <option value="Gao" />
                      <option value="Garba" />
                      <option value="Garcia" />
                      <option value="Ge" />
                      <option value="Geng" />
                      <option value="Ghosh" />
                      <option value="Ghulam" />
                      <option value="Gomes" />
                      <option value="Gomez" />
                      <option value="Gong" />
                      <option value="Gonzalez" />
                      <option value="Gu" />
                      <option value="Guan" />
                      <option value="Guerrero" />
                      <option value="Gul" />
                      <option value="Guo" />
                      <option value="Gupta" />
                      <option value="Gutierrez" />
                      <option value="Guzman" />
                      <option value="Ha" />
                      <option value="Haji" />
                      <option value="Hamid" />
                      <option value="Han" />
                      <option value="Hao" />
                      <option value="Haque" />
                      <option value="Harris" />
                      <option value="Hasan" />
                      <option value="Hassan" />
                      <option value="He" />
                      <option value="Hernandez" />
                      <option value="Herrera" />
                      <option value="Ho" />
                      <option value="Hoang" />
                      <option value="Hong" />
                      <option value="Hossain" />
                      <option value="Hossen" />
                      <option value="Hou" />
                      <option value="Hu" />
                      <option value="Hua" />
                      <option value="Huang" />
                      <option value="Huo" />
                      <option value="Hussain" />
                      <option value="Hussein" />
                      <option value="Huynh" />
                      <option value="I" />
                      <option value="Ibrahim" />
                      <option value="Idris" />
                      <option value="Ilunga" />
                      <option value="Iqbal" />
                      <option value="Islam" />
                      <option value="Ismail" />
                      <option value="Issa" />
                      <option value="Ito" />
                      <option value="Ivanov" />
                      <option value="Ivanova" />
                      <option value="Jackson" />
                      <option value="Jadhav" />
                      <option value="Jahan" />
                      <option value="James" />
                      <option value="Jean" />
                      <option value="Jha" />
                      <option value="Ji" />
                      <option value="Jia" />
                      <option value="Jiang" />
                      <option value="Jiao" />
                      <option value="Jimenez" />
                      <option value="Jin" />
                      <option value="Jing" />
                      <option value="John" />
                      <option value="Johnson" />
                      <option value="Jones" />
                      <option value="Joseph" />
                      <option value="Juma" />
                      <option value="Kang" />
                      <option value="Karim" />
                      <option value="Kaur" />
                      <option value="Ke" />
                      <option value="Khaled" />
                      <option value="Khalil" />
                      <option value="Khan" />
                      <option value="Khatoon" />
                      <option value="Khatun" />
                      <option value="Khaw" />
                      <option value="Kim" />
                      <option value="Kobayashi" />
                      <option value="Kone" />
                      <option value="Kong" />
                      <option value="Kumar" />
                      <option value="Kumari" />
                      <option value="Lai" />
                      <option value="Lal" />
                      <option value="Lam" />
                      <option value="Lan" />
                      <option value="Le" />
                      <option value="Lee" />
                      <option value="Lei" />
                      <option value="Leon" />
                      <option value="Li" />
                      <option value="Lian" />
                      <option value="Liang" />
                      <option value="Liao" />
                      <option value="Lima" />
                      <option value="Lin" />
                      <option value="Ling" />
                      <option value="Liu" />
                      <option value="Long" />
                      <option value="Lopes" />
                      <option value="Lopez" />
                      <option value="Lu" />
                      <option value="Luo" />
                      <option value="Ma" />
                      <option value="Machado" />
                      <option value="Mahato" />
                      <option value="Mahmoud" />
                      <option value="Mahto" />
                      <option value="Mai" />
                      <option value="Majhi" />
                      <option value="Malik" />
                      <option value="Mandal" />
                      <option value="Manuel" />
                      <option value="Mao" />
                      <option value="Marques" />
                      <option value="Martin" />
                      <option value="Martinez" />
                      <option value="Martins" />
                      <option value="Maung" />
                      <option value="Medina" />
                      <option value="Mehmood" />
                      <option value="Mei" />
                      <option value="Mejia" />
                      <option value="Mendes" />
                      <option value="Mendez" />
                      <option value="Mendoza" />
                      <option value="Meng" />
                      <option value="Mi" />
                      <option value="Mia" />
                      <option value="Miah" />
                      <option value="Miao" />
                      <option value="Miller" />
                      <option value="Miranda" />
                      <option value="Mishra" />
                      <option value="Mo" />
                      <option value="Mohamed" />
                      <option value="Mohammad" />
                      <option value="Mohammed" />
                      <option value="Molina" />
                      <option value="Molla" />
                      <option value="Mondal" />
                      <option value="Moore" />
                      <option value="Morales" />
                      <option value="Moreira" />
                      <option value="Moreno" />
                      <option value="Mostafa" />
                      <option value="Mou" />
                      <option value="Moussa" />
                      <option value="Muhammad" />
                      <option value="Muhammed" />
                      <option value="Murmu" />
                      <option value="Musa" />
                      <option value="Mustafa" />
                      <option value="Muñoz" />
                      <option value="Müller" />
                      <option value="Naik" />
                      <option value="Nakamura" />
                      <option value="Nath" />
                      <option value="Navarro" />
                      <option value="Nawaz" />
                      <option value="Nayak" />
                      <option value="Ngo" />
                      <option value="Ngoy" />
                      <option value="Nguyen" />
                      <option value="Ni" />
                      <option value="Nie" />
                      <option value="Ning" />
                      <option value="Niu" />
                      <option value="Noor" />
                      <option value="Nunes" />
                      <option value="Nuñez" />
                      <option value="O" />
                      <option value="Oliveira" />
                      <option value="Omar" />
                      <option value="Ortega" />
                      <option value="Ortiz" />
                      <option value="Osman" />
                      <option value="Ou" />
                      <option value="Ouattara" />
                      <option value="Ouedraogo" />
                      <option value="Pak" />
                      <option value="Pal" />
                      <option value="Pan" />
                      <option value="Pandey" />
                      <option value="Pang" />
                      <option value="Paramar" />
                      <option value="Paswan" />
                      <option value="Patel" />
                      <option value="Patil" />
                      <option value="Patra" />
                      <option value="Paul" />
                      <option value="Pawar" />
                      <option value="Peng" />
                      <option value="Pereira" />
                      <option value="Perez" />
                      <option value="Peter" />
                      <option value="Pham" />
                      <option value="Phan" />
                      <option value="Pinto" />
                      <option value="Pradhan" />
                      <option value="Prakash" />
                      <option value="Prasad" />
                      <option value="Pu" />
                      <option value="Qi" />
                      <option value="Qian" />
                      <option value="Qiao" />
                      <option value="Qin" />
                      <option value="Qiu" />
                      <option value="Qu" />
                      <option value="Rahman" />
                      <option value="Rai" />
                      <option value="Raj" />
                      <option value="Ram" />
                      <option value="Ramadan" />
                      <option value="Ramirez" />
                      <option value="Ramos" />
                      <option value="Rana" />
                      <option value="Rani" />
                      <option value="Rao" />
                      <option value="Rashid" />
                      <option value="Rathod" />
                      <option value="Raut" />
                      <option value="Ray" />
                      <option value="Ren" />
                      <option value="Reyes" />
                      <option value="Ri" />
                      <option value="Ribeiro" />
                      <option value="Rios" />
                      <option value="Rivera" />
                      <option value="Rocha" />
                      <option value="Rodrigues" />
                      <option value="Rodriguez" />
                      <option value="Rojas" />
                      <option value="Romero" />
                      <option value="Roy" />
                      <option value="Ruan" />
                      <option value="Ruiz" />
                      <option value="Saad" />
                      <option value="Saeed" />
                      <option value="Sah" />
                      <option value="Saha" />
                      <option value="Sahu" />
                      <option value="Said" />
                      <option value="Salazar" />
                      <option value="Saleh" />
                      <option value="Salem" />
                      <option value="Sanchez" />
                      <option value="Sani" />
                      <option value="Santana" />
                      <option value="Santos" />
                      <option value="Sardar" />
                      <option value="Sari" />
                      <option value="Sarkar" />
                      <option value="Sato" />
                      <option value="Sayed" />
                      <option value="Schmidt" />
                      <option value="Sekh" />
                      <option value="Shah" />
                      <option value="Shaik" />
                      <option value="Shaikh" />
                      <option value="Shang" />
                      <option value="Shao" />
                      <option value="Sharma" />
                      <option value="Sheikh" />
                      <option value="Shen" />
                      <option value="Sheng" />
                      <option value="Shi" />
                      <option value="Shinde" />
                      <option value="Shu" />
                      <option value="Silva" />
                      <option value="Simon" />
                      <option value="Sin" />
                      <option value="Singh" />
                      <option value="Smith" />
                      <option value="So" />
                      <option value="Soares" />
                      <option value="Solanki" />
                      <option value="Solomon" />
                      <option value="Song" />
                      <option value="Soto" />
                      <option value="Souza" />
                      <option value="Sow" />
                      <option value="Su" />
                      <option value="Suarez" />
                      <option value="Sultan" />
                      <option value="Sultana" />
                      <option value="Sun" />
                      <option value="Suzuki" />
                      <option value="Takahashi" />
                      <option value="Tan" />
                      <option value="Tanaka" />
                      <option value="Tang" />
                      <option value="Tao" />
                      <option value="Taylor" />
                      <option value="Teixeira" />
                      <option value="Tesfaye" />
                      <option value="Thakor" />
                      <option value="Thakur" />
                      <option value="Thomas" />
                      <option value="Thompson" />
                      <option value="Tian" />
                      <option value="Tong" />
                      <option value="Torres" />
                      <option value="Tran" />
                      <option value="Traore" />
                      <option value="Truong" />
                      <option value="Tu" />
                      <option value="Uddin" />
                      <option value="Ullah" />
                      <option value="Umar" />
                      <option value="Usman" />
                      <option value="Vargas" />
                      <option value="Vasquez" />
                      <option value="Vazquez" />
                      <option value="Vega" />
                      <option value="Vieira" />
                      <option value="Vo" />
                      <option value="Vu" />
                      <option value="Wan" />
                      <option value="Wang" />
                      <option value="Watanabe" />
                      <option value="Wei" />
                      <option value="Wen" />
                      <option value="Weng" />
                      <option value="White" />
                      <option value="Williams" />
                      <option value="Wilson" />
                      <option value="Wu" />
                      <option value="Xia" />
                      <option value="Xiang" />
                      <option value="Xiao" />
                      <option value="Xie" />
                      <option value="Xin" />
                      <option value="Xing" />
                      <option value="Xiong" />
                      <option value="Xu" />
                      <option value="Xue" />
                      <option value="Yadav" />
                      <option value="Yamamoto" />
                      <option value="Yan" />
                      <option value="Yang" />
                      <option value="Yao" />
                      <option value="Ye" />
                      <option value="Yi" />
                      <option value="Yin" />
                      <option value="You" />
                      <option value="Yu" />
                      <option value="Yuan" />
                      <option value="Yue" />
                      <option value="Yun" />
                      <option value="Yusuf" />
                      <option value="Yılmaz" />
                      <option value="Zaman" />
                      <option value="Zhan" />
                      <option value="Zhang" />
                      <option value="Zhao" />
                      <option value="Zheng" />
                      <option value="Zhong" />
                      <option value="Zhou" />
                      <option value="Zhu" />
                      <option value="Zhuang" />
                      <option value="Zou" />
                      <option value="Zuo" />
                    </list>
                  </option>
                </WordScheme>
              </option>
              <option name="uuid" value="d8aceb46-a97d-4687-9802-cd5e58993c09" />
            </Template>
            <Template>
              <option name="name" value="Lorem Ipsum" />
              <option name="schemes">
                <WordScheme>
                  <option name="capitalization" value="FIRST_LETTER" />
                  <option name="uuid" value="b1400c69-abbd-4c64-be82-44aa8cb9e860" />
                  <option name="words">
                    <list>
                      <option value="a" />
                      <option value="ac" />
                      <option value="accumsan" />
                      <option value="ad" />
                      <option value="adipiscing" />
                      <option value="aenean" />
                      <option value="aliquam" />
                      <option value="aliquet" />
                      <option value="amet" />
                      <option value="ante" />
                      <option value="aptent" />
                      <option value="arcu" />
                      <option value="at" />
                      <option value="auctor" />
                      <option value="augue" />
                      <option value="bibendum" />
                      <option value="blandit" />
                      <option value="class" />
                      <option value="commodo" />
                      <option value="condimentum" />
                      <option value="congue" />
                      <option value="consectetur" />
                      <option value="consequat" />
                      <option value="conubia" />
                      <option value="convallis" />
                      <option value="cras" />
                      <option value="cubilia" />
                      <option value="curabitur" />
                      <option value="curae" />
                      <option value="cursus" />
                      <option value="dapibus" />
                      <option value="diam" />
                      <option value="dictum" />
                      <option value="dictumst" />
                      <option value="dignissim" />
                      <option value="dis" />
                      <option value="dolor" />
                      <option value="donec" />
                      <option value="dui" />
                      <option value="duis" />
                      <option value="efficitur" />
                      <option value="egestas" />
                      <option value="eget" />
                      <option value="eleifend" />
                      <option value="elementum" />
                      <option value="elit" />
                      <option value="enim" />
                      <option value="erat" />
                      <option value="eros" />
                      <option value="est" />
                      <option value="et" />
                      <option value="etiam" />
                      <option value="eu" />
                      <option value="euismod" />
                      <option value="ex" />
                      <option value="facilisi" />
                      <option value="facilisis" />
                      <option value="fames" />
                      <option value="faucibus" />
                      <option value="felis" />
                      <option value="fermentum" />
                      <option value="feugiat" />
                      <option value="finibus" />
                      <option value="fringilla" />
                      <option value="fusce" />
                      <option value="gravida" />
                      <option value="habitant" />
                      <option value="habitasse" />
                      <option value="hac" />
                      <option value="hendrerit" />
                      <option value="himenaeos" />
                      <option value="iaculis" />
                      <option value="id" />
                      <option value="imperdiet" />
                      <option value="in" />
                      <option value="inceptos" />
                      <option value="integer" />
                      <option value="interdum" />
                      <option value="ipsum" />
                      <option value="justo" />
                      <option value="lacinia" />
                      <option value="lacus" />
                      <option value="laoreet" />
                      <option value="lectus" />
                      <option value="leo" />
                      <option value="libero" />
                      <option value="ligula" />
                      <option value="litora" />
                      <option value="lobortis" />
                      <option value="lorem" />
                      <option value="luctus" />
                      <option value="maecenas" />
                      <option value="magna" />
                      <option value="magnis" />
                      <option value="malesuada" />
                      <option value="massa" />
                      <option value="mattis" />
                      <option value="mauris" />
                      <option value="maximus" />
                      <option value="metus" />
                      <option value="mi" />
                      <option value="molestie" />
                      <option value="mollis" />
                      <option value="montes" />
                      <option value="morbi" />
                      <option value="mus" />
                      <option value="nam" />
                      <option value="nascetur" />
                      <option value="natoque" />
                      <option value="nec" />
                      <option value="neque" />
                      <option value="netus" />
                      <option value="nibh" />
                      <option value="nisi" />
                      <option value="nisl" />
                      <option value="non" />
                      <option value="nostra" />
                      <option value="nulla" />
                      <option value="nullam" />
                      <option value="nunc" />
                      <option value="odio" />
                      <option value="orci" />
                      <option value="ornare" />
                      <option value="parturient" />
                      <option value="pellentesque" />
                      <option value="penatibus" />
                      <option value="per" />
                      <option value="pharetra" />
                      <option value="phasellus" />
                      <option value="placerat" />
                      <option value="platea" />
                      <option value="porta" />
                      <option value="porttitor" />
                      <option value="posuere" />
                      <option value="potenti" />
                      <option value="praesent" />
                      <option value="pretium" />
                      <option value="primis" />
                      <option value="proin" />
                      <option value="pulvinar" />
                      <option value="purus" />
                      <option value="quam" />
                      <option value="quis" />
                      <option value="quisque" />
                      <option value="rhoncus" />
                      <option value="ridiculus" />
                      <option value="risus" />
                      <option value="rutrum" />
                      <option value="sagittis" />
                      <option value="sapien" />
                      <option value="scelerisque" />
                      <option value="sed" />
                      <option value="sem" />
                      <option value="semper" />
                      <option value="senectus" />
                      <option value="sit" />
                      <option value="sociosqu" />
                      <option value="sodales" />
                      <option value="sollicitudin" />
                      <option value="suscipit" />
                      <option value="suspendisse" />
                      <option value="taciti" />
                      <option value="tellus" />
                      <option value="tempor" />
                      <option value="tempus" />
                      <option value="tincidunt" />
                      <option value="torquent" />
                      <option value="tortor" />
                      <option value="tristique" />
                      <option value="turpis" />
                      <option value="ullamcorper" />
                      <option value="ultrices" />
                      <option value="ultricies" />
                      <option value="urna" />
                      <option value="ut" />
                      <option value="varius" />
                      <option value="vehicula" />
                      <option value="vel" />
                      <option value="velit" />
                      <option value="venenatis" />
                      <option value="vestibulum" />
                      <option value="vitae" />
                      <option value="vivamus" />
                      <option value="viverra" />
                      <option value="volutpat" />
                      <option value="vulputate" />
                    </list>
                  </option>
                </WordScheme>
                <WordScheme>
                  <option name="capitalization" value="LOWER" />
                  <option name="uuid" value="4e382582-850a-4db8-8b58-0e141d54c235" />
                  <option name="words">
                    <list>
                      <option value="a" />
                      <option value="ac" />
                      <option value="accumsan" />
                      <option value="ad" />
                      <option value="adipiscing" />
                      <option value="aenean" />
                      <option value="aliquam" />
                      <option value="aliquet" />
                      <option value="amet" />
                      <option value="ante" />
                      <option value="aptent" />
                      <option value="arcu" />
                      <option value="at" />
                      <option value="auctor" />
                      <option value="augue" />
                      <option value="bibendum" />
                      <option value="blandit" />
                      <option value="class" />
                      <option value="commodo" />
                      <option value="condimentum" />
                      <option value="congue" />
                      <option value="consectetur" />
                      <option value="consequat" />
                      <option value="conubia" />
                      <option value="convallis" />
                      <option value="cras" />
                      <option value="cubilia" />
                      <option value="curabitur" />
                      <option value="curae" />
                      <option value="cursus" />
                      <option value="dapibus" />
                      <option value="diam" />
                      <option value="dictum" />
                      <option value="dictumst" />
                      <option value="dignissim" />
                      <option value="dis" />
                      <option value="dolor" />
                      <option value="donec" />
                      <option value="dui" />
                      <option value="duis" />
                      <option value="efficitur" />
                      <option value="egestas" />
                      <option value="eget" />
                      <option value="eleifend" />
                      <option value="elementum" />
                      <option value="elit" />
                      <option value="enim" />
                      <option value="erat" />
                      <option value="eros" />
                      <option value="est" />
                      <option value="et" />
                      <option value="etiam" />
                      <option value="eu" />
                      <option value="euismod" />
                      <option value="ex" />
                      <option value="facilisi" />
                      <option value="facilisis" />
                      <option value="fames" />
                      <option value="faucibus" />
                      <option value="felis" />
                      <option value="fermentum" />
                      <option value="feugiat" />
                      <option value="finibus" />
                      <option value="fringilla" />
                      <option value="fusce" />
                      <option value="gravida" />
                      <option value="habitant" />
                      <option value="habitasse" />
                      <option value="hac" />
                      <option value="hendrerit" />
                      <option value="himenaeos" />
                      <option value="iaculis" />
                      <option value="id" />
                      <option value="imperdiet" />
                      <option value="in" />
                      <option value="inceptos" />
                      <option value="integer" />
                      <option value="interdum" />
                      <option value="ipsum" />
                      <option value="justo" />
                      <option value="lacinia" />
                      <option value="lacus" />
                      <option value="laoreet" />
                      <option value="lectus" />
                      <option value="leo" />
                      <option value="libero" />
                      <option value="ligula" />
                      <option value="litora" />
                      <option value="lobortis" />
                      <option value="lorem" />
                      <option value="luctus" />
                      <option value="maecenas" />
                      <option value="magna" />
                      <option value="magnis" />
                      <option value="malesuada" />
                      <option value="massa" />
                      <option value="mattis" />
                      <option value="mauris" />
                      <option value="maximus" />
                      <option value="metus" />
                      <option value="mi" />
                      <option value="molestie" />
                      <option value="mollis" />
                      <option value="montes" />
                      <option value="morbi" />
                      <option value="mus" />
                      <option value="nam" />
                      <option value="nascetur" />
                      <option value="natoque" />
                      <option value="nec" />
                      <option value="neque" />
                      <option value="netus" />
                      <option value="nibh" />
                      <option value="nisi" />
                      <option value="nisl" />
                      <option value="non" />
                      <option value="nostra" />
                      <option value="nulla" />
                      <option value="nullam" />
                      <option value="nunc" />
                      <option value="odio" />
                      <option value="orci" />
                      <option value="ornare" />
                      <option value="parturient" />
                      <option value="pellentesque" />
                      <option value="penatibus" />
                      <option value="per" />
                      <option value="pharetra" />
                      <option value="phasellus" />
                      <option value="placerat" />
                      <option value="platea" />
                      <option value="porta" />
                      <option value="porttitor" />
                      <option value="posuere" />
                      <option value="potenti" />
                      <option value="praesent" />
                      <option value="pretium" />
                      <option value="primis" />
                      <option value="proin" />
                      <option value="pulvinar" />
                      <option value="purus" />
                      <option value="quam" />
                      <option value="quis" />
                      <option value="quisque" />
                      <option value="rhoncus" />
                      <option value="ridiculus" />
                      <option value="risus" />
                      <option value="rutrum" />
                      <option value="sagittis" />
                      <option value="sapien" />
                      <option value="scelerisque" />
                      <option value="sed" />
                      <option value="sem" />
                      <option value="semper" />
                      <option value="senectus" />
                      <option value="sit" />
                      <option value="sociosqu" />
                      <option value="sodales" />
                      <option value="sollicitudin" />
                      <option value="suscipit" />
                      <option value="suspendisse" />
                      <option value="taciti" />
                      <option value="tellus" />
                      <option value="tempor" />
                      <option value="tempus" />
                      <option value="tincidunt" />
                      <option value="torquent" />
                      <option value="tortor" />
                      <option value="tristique" />
                      <option value="turpis" />
                      <option value="ullamcorper" />
                      <option value="ultrices" />
                      <option value="ultricies" />
                      <option value="urna" />
                      <option value="ut" />
                      <option value="varius" />
                      <option value="vehicula" />
                      <option value="vel" />
                      <option value="velit" />
                      <option value="venenatis" />
                      <option value="vestibulum" />
                      <option value="vitae" />
                      <option value="vivamus" />
                      <option value="viverra" />
                      <option value="volutpat" />
                      <option value="vulputate" />
                    </list>
                  </option>
                </WordScheme>
              </option>
              <option name="uuid" value="af1f6ee5-7400-4012-b106-9a798a6aec8b" />
            </Template>
            <Template>
              <option name="name" value="Hex Color" />
              <option name="schemes">
                <IntegerScheme>
                  <option name="base" value="16" />
                  <option name="groupingSeparator" value="," />
                  <option name="groupingSeparatorEnabled" value="false" />
                  <option name="maxValue" value="256" />
                  <option name="minValue" value="0" />
                  <option name="uppercase" value="false" />
                  <option name="uuid" value="c1d84157-95b6-45fe-a001-1a01e26a4db8" />
                </IntegerScheme>
              </option>
              <option name="uuid" value="808067fb-2ad9-4469-b4f6-351c9b9251a2" />
            </Template>
            <Template>
              <option name="name" value="UUID" />
              <option name="schemes">
                <UuidScheme>
                  <option name="addDashes" value="true" />
                  <option name="type" value="4" />
                  <option name="uppercase" value="false" />
                  <option name="uuid" value="2d2cb82c-fb6b-4c87-8b4d-4ef2ccd2ec76" />
                </UuidScheme>
              </option>
              <option name="uuid" value="53926957-ed04-49cf-877b-640ba8f36eab" />
            </Template>
            <Template>
              <option name="name" value="Date-Time" />
              <option name="schemes">
                <DateTimeScheme>
                  <option name="maxDateTime" value="1924991999000" />
                  <option name="minDateTime" value="0" />
                  <option name="pattern" value="yyyy-MM-dd HH:mm:ss" />
                  <option name="uuid" value="17f12f98-e308-41b1-a6bc-e746180ad8d2" />
                </DateTimeScheme>
              </option>
              <option name="uuid" value="258a5f4b-c109-4229-8010-6c06f25e328c" />
            </Template>
            <Template>
              <option name="name" value="IP address" />
              <option name="schemes">
                <IntegerScheme>
                  <option name="base" value="10" />
                  <option name="groupingSeparator" value="," />
                  <option name="groupingSeparatorEnabled" value="false" />
                  <option name="maxValue" value="255" />
                  <option name="minValue" value="0" />
                  <option name="uppercase" value="false" />
                  <option name="uuid" value="d56f99c8-a3e1-4064-a0f1-76db55e7dbe4" />
                </IntegerScheme>
              </option>
              <option name="uuid" value="74ec7981-9ed8-4a18-87c9-a3f9f6c6fd32" />
            </Template>
            <Template>
              <option name="name" value="Constructor" />
              <option name="schemes">
                <StringScheme>
                  <option name="capitalization" value="RETAIN" />
                  <option name="pattern" value="MyClass(name = " />
                  <option name="regex" value="false" />
                  <option name="removeLookAlikeSymbols" value="false" />
                  <option name="uuid" value="d08f8c39-92c0-4ec0-9beb-b6eb3ed3a2dc" />
                </StringScheme>
                <StringScheme>
                  <option name="capitalization" value="RETAIN" />
                  <option name="pattern" value="&quot;[a-zA-Z0-9]{5,8}&quot;" />
                  <option name="regex" value="true" />
                  <option name="removeLookAlikeSymbols" value="false" />
                  <option name="uuid" value="bad97370-2409-4ccd-837f-09fb8e8c21c8" />
                </StringScheme>
                <StringScheme>
                  <option name="capitalization" value="RETAIN" />
                  <option name="pattern" value=", value = " />
                  <option name="regex" value="false" />
                  <option name="removeLookAlikeSymbols" value="false" />
                  <option name="uuid" value="dacc12c9-5c11-4f99-96c8-c805ad60f0b5" />
                </StringScheme>
                <IntegerScheme>
                  <option name="base" value="10" />
                  <option name="groupingSeparator" value="," />
                  <option name="groupingSeparatorEnabled" value="false" />
                  <option name="maxValue" value="1000" />
                  <option name="minValue" value="0" />
                  <option name="uppercase" value="false" />
                  <option name="uuid" value="d07482cb-86e3-4a53-9183-0a05cf5bb8fc" />
                </IntegerScheme>
                <StringScheme>
                  <option name="capitalization" value="RETAIN" />
                  <option name="pattern" value=")" />
                  <option name="regex" value="false" />
                  <option name="removeLookAlikeSymbols" value="false" />
                  <option name="uuid" value="82187696-1cc4-4288-90d5-c3bccc495553" />
                </StringScheme>
              </option>
              <option name="uuid" value="9fe412ea-452a-4384-abbc-532ea9c8d9b2" />
            </Template>
          </list>
        </option>
      </TemplateList>
    </option>
  </component>
</application>